,COD_ID,DIST,FUN_PR,FUN_TE,DESCR,Shape_Length,Shape_Area
0,C.054.RS.2000,401,30,0, ,0.2618051557281566,0.0014852963592733865
